{
    "V_m": -71.20443979899089,
    "V_th": -39.668829489410385,
    "g": 7.330632597152491,
    "E_L": -71.20443979899089,
    "C_m": 112.03242828381919,
    "t_ref": 4.25,
    "V_reset": -71.20443979899089,
    "asc_init": [
        0.0,
        0.0
    ],
    "asc_decay": [
        0.003,
        0.3
    ],
    "asc_amps": [
        -6.315370600792933,
        -707.2140005547595
    ],
    "tau_syn": [
        5.5,
        8.5,
        2.8,
        5.8
    ],
    "spike_dependent_threshold": false,
    "after_spike_currents": true,
    "adapting_threshold": false
}