{
    "V_m": -73.92906951904295,
    "V_th": -43.18594483422916,
    "g": 2.6395015902083023,
    "E_L": -73.92906951904295,
    "C_m": 96.5965642619778,
    "t_ref": 7.200000000000001,
    "V_reset": -73.92906951904295,
    "asc_init": [
        0.0,
        0.0
    ],
    "asc_decay": [
        0.01,
        0.1
    ],
    "asc_amps": [
        -27.99008482344698,
        -130.42089881436897
    ],
    "tau_syn": [
        5.5,
        8.5,
        2.8,
        5.8
    ],
    "spike_dependent_threshold": false,
    "after_spike_currents": true,
    "adapting_threshold": false
}