{
    "V_m": -73.51955986022946,
    "V_th": -48.16767729912196,
    "g": 1.8096841291576535,
    "E_L": -73.51955986022946,
    "C_m": 45.24393979145242,
    "t_ref": 2.9000000000000004,
    "V_reset": -73.51955986022946,
    "asc_init": [
        0.0,
        0.0
    ],
    "asc_decay": [
        0.003,
        0.1
    ],
    "asc_amps": [
        -1.9990957453019358,
        -66.41944995232721
    ],
    "tau_syn": [
        5.5,
        8.5,
        2.8,
        5.8
    ],
    "spike_dependent_threshold": false,
    "after_spike_currents": true,
    "adapting_threshold": false
}