{
    "V_m": -69.0827178955078,
    "V_th": -38.27745015422251,
    "g": 10.883470613050664,
    "E_L": -69.0827178955078,
    "C_m": 133.41116244788722,
    "t_ref": 4.6,
    "V_reset": -69.0827178955078,
    "asc_init": [
        0.0,
        0.0
    ],
    "asc_decay": [
        0.003,
        0.1
    ],
    "asc_amps": [
        -11.804495560920069,
        -290.17810855552943
    ],
    "tau_syn": [
        5.5,
        8.5,
        2.8,
        5.8
    ],
    "spike_dependent_threshold": false,
    "after_spike_currents": true,
    "adapting_threshold": false
}