{
    "V_m": -79.4798469543457,
    "V_th": -41.913687881877735,
    "g": 7.382240978380159,
    "E_L": -79.4798469543457,
    "C_m": 52.73164337740267,
    "t_ref": 3.65,
    "V_reset": -79.4798469543457,
    "asc_init": [
        0.0,
        0.0
    ],
    "asc_decay": [
        0.01,
        0.1
    ],
    "asc_amps": [
        -61.858431470445076,
        -173.56699736241148
    ],
    "tau_syn": [
        5.5,
        8.5,
        2.8,
        5.8
    ],
    "spike_dependent_threshold": false,
    "after_spike_currents": true,
    "adapting_threshold": false
}