{
    "V_m": -71.3196309407552,
    "V_th": -34.78002413066345,
    "g": 4.332666343216805,
    "E_L": -71.3196309407552,
    "C_m": 61.776013140488196,
    "t_ref": 2.2,
    "V_reset": -71.3196309407552,
    "asc_init": [
        0.0,
        0.0
    ],
    "asc_decay": [
        0.003,
        0.029999999999999992
    ],
    "asc_amps": [
        -6.621493991981387,
        -68.56339310938284
    ],
    "tau_syn": [
        5.5,
        8.5,
        2.8,
        5.8
    ],
    "spike_dependent_threshold": false,
    "after_spike_currents": true,
    "adapting_threshold": false
}