{
    "V_m": -77.50527381896973,
    "V_th": -42.31143872110869,
    "g": 5.884307586764611,
    "E_L": -77.50527381896973,
    "C_m": 99.96324061436982,
    "t_ref": 3.3,
    "V_reset": -77.50527381896973,
    "asc_init": [
        0.0,
        0.0
    ],
    "asc_decay": [
        0.003,
        0.029999999999999992
    ],
    "asc_amps": [
        -3.288992945331812,
        -100.44605148253339
    ],
    "tau_syn": [
        5.5,
        8.5,
        2.8,
        5.8
    ],
    "spike_dependent_threshold": false,
    "after_spike_currents": true,
    "adapting_threshold": false
}