{
    "V_m": -69.12435913085938,
    "V_th": -51.722407498920404,
    "g": 1.4542098161352899,
    "E_L": -69.12435913085938,
    "C_m": 40.73415430155091,
    "t_ref": 3.5500000000000003,
    "V_reset": -69.12435913085938,
    "asc_init": [
        0.0,
        0.0
    ],
    "asc_decay": [
        0.003,
        0.1
    ],
    "asc_amps": [
        -1.7859697799767864,
        -42.437721553692626
    ],
    "tau_syn": [
        5.5,
        8.5,
        2.8,
        5.8
    ],
    "spike_dependent_threshold": false,
    "after_spike_currents": true,
    "adapting_threshold": false
}