{
    "V_m": -66.30189514160155,
    "V_th": -42.580499821528065,
    "g": 13.494457831246656,
    "E_L": -66.30189514160155,
    "C_m": 238.25076539844648,
    "t_ref": 5.55,
    "V_reset": -66.30189514160155,
    "asc_init": [
        0.0,
        0.0
    ],
    "asc_decay": [
        0.003,
        0.1
    ],
    "asc_amps": [
        -17.62131958144063,
        -502.45763374628325
    ],
    "tau_syn": [
        5.5,
        8.5,
        2.8,
        5.8
    ],
    "spike_dependent_threshold": false,
    "after_spike_currents": true,
    "adapting_threshold": false
}