{
    "V_m": -64.9424260457357,
    "V_th": -40.55681296696515,
    "g": 3.3327756612278536,
    "E_L": -64.9424260457357,
    "C_m": 121.00647431886466,
    "t_ref": 4.500000000000001,
    "V_reset": -64.9424260457357,
    "asc_init": [
        0.0,
        0.0
    ],
    "asc_decay": [
        0.003,
        0.1
    ],
    "asc_amps": [
        -3.9254698002188113,
        -181.43216331865085
    ],
    "tau_syn": [
        5.5,
        8.5,
        2.8,
        5.8
    ],
    "spike_dependent_threshold": false,
    "after_spike_currents": true,
    "adapting_threshold": false
}