{
    "V_m": -77.0505409240723,
    "V_th": -48.61435132239528,
    "g": 6.268690851472087,
    "E_L": -77.0505409240723,
    "C_m": 86.22005380415656,
    "t_ref": 3.65,
    "V_reset": -77.0505409240723,
    "asc_init": [
        0.0,
        0.0
    ],
    "asc_decay": [
        0.003,
        0.029999999999999992
    ],
    "asc_amps": [
        -10.9494106294668,
        -67.86285756741242
    ],
    "tau_syn": [
        5.5,
        8.5,
        2.8,
        5.8
    ],
    "spike_dependent_threshold": false,
    "after_spike_currents": true,
    "adapting_threshold": false
}