{
    "V_m": -65.07875823974607,
    "V_th": -37.82345052487917,
    "g": 3.3741002111108456,
    "E_L": -65.07875823974607,
    "C_m": 80.50188238154817,
    "t_ref": 2.5,
    "V_reset": -65.07875823974607,
    "asc_init": [
        0.0,
        0.0
    ],
    "asc_decay": [
        0.1,
        0.3
    ],
    "asc_amps": [
        -190.45793157366754,
        535.0801377928069
    ],
    "tau_syn": [
        5.5,
        8.5,
        2.8,
        5.8
    ],
    "spike_dependent_threshold": false,
    "after_spike_currents": true,
    "adapting_threshold": false
}