{
    "V_m": -64.72991434733073,
    "V_th": -44.903241903696696,
    "g": 3.2829527404189323,
    "E_L": -64.72991434733073,
    "C_m": 77.30661653742574,
    "t_ref": 2.1,
    "V_reset": -64.72991434733073,
    "asc_init": [
        0.0,
        0.0
    ],
    "asc_decay": [
        0.029999999999999992,
        0.3
    ],
    "asc_amps": [
        -83.82198456654068,
        -277.064195797654
    ],
    "tau_syn": [
        5.5,
        8.5,
        2.8,
        5.8
    ],
    "spike_dependent_threshold": false,
    "after_spike_currents": true,
    "adapting_threshold": false
}