{
    "V_m": -73.32648277282715,
    "V_th": -39.163686444955886,
    "g": 3.1462361459431594,
    "E_L": -73.32648277282715,
    "C_m": 83.69036489897034,
    "t_ref": 4.75,
    "V_reset": -73.32648277282715,
    "asc_init": [
        0.0,
        0.0
    ],
    "asc_decay": [
        0.003,
        0.1
    ],
    "asc_amps": [
        -6.211954172429401,
        -122.32322935735218
    ],
    "tau_syn": [
        5.5,
        8.5,
        2.8,
        5.8
    ],
    "spike_dependent_threshold": false,
    "after_spike_currents": true,
    "adapting_threshold": false
}