{
    "V_m": -73.83759117126463,
    "V_th": -44.85094326426612,
    "g": 2.455662283268502,
    "E_L": -73.83759117126463,
    "C_m": 113.91920644221833,
    "t_ref": 5.7,
    "V_reset": -73.83759117126463,
    "asc_init": [
        0.0,
        0.0
    ],
    "asc_decay": [
        0.003,
        0.1
    ],
    "asc_amps": [
        -4.774069350682494,
        -170.14845973272443
    ],
    "tau_syn": [
        5.5,
        8.5,
        2.8,
        5.8
    ],
    "spike_dependent_threshold": false,
    "after_spike_currents": true,
    "adapting_threshold": false
}