{
    "V_m": -73.09708404541017,
    "V_th": -46.88440567997305,
    "g": 2.1040542226523917,
    "E_L": -73.09708404541017,
    "C_m": 95.6002532127945,
    "t_ref": 3.85,
    "V_reset": -73.09708404541017,
    "asc_init": [
        0.0,
        0.0
    ],
    "asc_decay": [
        0.003,
        0.029999999999999992
    ],
    "asc_amps": [
        -8.684562998660008,
        -62.85180721398998
    ],
    "tau_syn": [
        5.5,
        8.5,
        2.8,
        5.8
    ],
    "spike_dependent_threshold": false,
    "after_spike_currents": true,
    "adapting_threshold": false
}