{
    "V_m": -65.17686653137206,
    "V_th": -49.79196989301363,
    "g": 1.8685831453439732,
    "E_L": -65.17686653137206,
    "C_m": 39.85149383324061,
    "t_ref": 3.5,
    "V_reset": -65.17686653137206,
    "asc_init": [
        0.0,
        0.0
    ],
    "asc_decay": [
        0.003,
        0.3
    ],
    "asc_amps": [
        -3.461317755266356,
        62.08551767572836
    ],
    "tau_syn": [
        5.5,
        8.5,
        2.8,
        5.8
    ],
    "spike_dependent_threshold": false,
    "after_spike_currents": true,
    "adapting_threshold": false
}