{
    "V_m": -71.70727920532227,
    "V_th": -47.548099577409836,
    "g": 8.873836057864693,
    "E_L": -71.70727920532227,
    "C_m": 168.038584943524,
    "t_ref": 4.55,
    "V_reset": -71.70727920532227,
    "asc_init": [
        0.0,
        0.0
    ],
    "asc_decay": [
        0.029999999999999992,
        0.1
    ],
    "asc_amps": [
        -20.403983378825465,
        -223.3874954067522
    ],
    "tau_syn": [
        5.5,
        8.5,
        2.8,
        5.8
    ],
    "spike_dependent_threshold": false,
    "after_spike_currents": true,
    "adapting_threshold": false
}