{
    "V_m": -65.51454162597658,
    "V_th": -39.94429936554377,
    "g": 9.511103345732888,
    "E_L": -65.51454162597658,
    "C_m": 91.70679263444737,
    "t_ref": 3.6000000000000005,
    "V_reset": -65.51454162597658,
    "asc_init": [
        0.0,
        0.0
    ],
    "asc_decay": [
        0.003,
        0.1
    ],
    "asc_amps": [
        -14.202843048900696,
        -118.77608999584834
    ],
    "tau_syn": [
        5.5,
        8.5,
        2.8,
        5.8
    ],
    "spike_dependent_threshold": false,
    "after_spike_currents": true,
    "adapting_threshold": false
}