{
    "V_m": -77.9836959838867,
    "V_th": -46.34893944731836,
    "g": 2.683616134312061,
    "E_L": -77.9836959838867,
    "C_m": 148.5790264478789,
    "t_ref": 7.850000000000001,
    "V_reset": -77.9836959838867,
    "asc_init": [
        0.0,
        0.0
    ],
    "asc_decay": [
        0.029999999999999992,
        0.3
    ],
    "asc_amps": [
        -97.09995606122102,
        -1211.1474028948887
    ],
    "tau_syn": [
        5.5,
        8.5,
        2.8,
        5.8
    ],
    "spike_dependent_threshold": false,
    "after_spike_currents": true,
    "adapting_threshold": false
}