{
    "V_m": -75.9485397338867,
    "V_th": -48.114382235505886,
    "g": 1.5201040088466846,
    "E_L": -75.9485397338867,
    "C_m": 65.24112986450329,
    "t_ref": 7.3500000000000005,
    "V_reset": -75.9485397338867,
    "asc_init": [
        0.0,
        0.0
    ],
    "asc_decay": [
        0.01,
        0.1
    ],
    "asc_amps": [
        -12.595555076104066,
        -96.4654295350587
    ],
    "tau_syn": [
        5.5,
        8.5,
        2.8,
        5.8
    ],
    "spike_dependent_threshold": false,
    "after_spike_currents": true,
    "adapting_threshold": false
}