{
    "V_m": -62.990496635437005,
    "V_th": -37.19482867213347,
    "g": 2.9957699498014425,
    "E_L": -62.990496635437005,
    "C_m": 96.09447324741515,
    "t_ref": 2.1,
    "V_reset": -62.990496635437005,
    "asc_init": [
        0.0,
        0.0
    ],
    "asc_decay": [
        0.029999999999999992,
        0.3
    ],
    "asc_amps": [
        -36.48507608830835,
        359.12165656136136
    ],
    "tau_syn": [
        5.5,
        8.5,
        2.8,
        5.8
    ],
    "spike_dependent_threshold": false,
    "after_spike_currents": true,
    "adapting_threshold": false
}