{
    "V_m": -72.36778004964194,
    "V_th": -44.04173627939754,
    "g": 4.825401542967701,
    "E_L": -72.36778004964194,
    "C_m": 182.90248701480445,
    "t_ref": 8.450000000000001,
    "V_reset": -72.36778004964194,
    "asc_init": [
        0.0,
        0.0
    ],
    "asc_decay": [
        0.029999999999999992,
        0.3
    ],
    "asc_amps": [
        -138.73565960138404,
        -781.9629892601871
    ],
    "tau_syn": [
        5.5,
        8.5,
        2.8,
        5.8
    ],
    "spike_dependent_threshold": false,
    "after_spike_currents": true,
    "adapting_threshold": false
}