{
  "El_reference": -0.0707990016937256,
  "C": 7.0249928245181e-11,
  "asc_amp_array": [
    -5.576151112965266e-11,
    2.7578452288240807e-10
  ],
  "init_threshold": 0.02155961135960361,
  "threshold_reset_method": {
    "params": {
      "a_spike": 0.0013219642653143962,
      "b_spike": 9.385277572139637
    },
    "name": "three_components"
  },
  "th_inf": 0.02155961135960361,
  "spike_cut_length": 33,
  "init_AScurrents": [
    0.0,
    0.0
  ],
  "init_voltage": 0.0,
  "threshold_dynamics_method": {
    "params": {
      "b_voltage": 39.74345813991383,
      "a_spike": 0.0013219642653143962,
      "b_spike": 9.385277572139637,
      "a_voltage": 3.30794960492179
    },
    "name": "three_components_exact"
  },
  "voltage_reset_method": {
    "params": {
      "a": 0.25329692732471387,
      "b": 0.0034819750195955327
    },
    "name": "v_before"
  },
  "extrapolation_method_name": "endpoints",
  "dt": 5e-05,
  "voltage_dynamics_method": {
    "params": {},
    "name": "linear_forward_euler"
  },
  "El": 0.0,
  "asc_tau_array": [
    0.01,
    0.0033333333333333335
  ],
  "R_input": 711661985.1607032,
  "AScurrent_dynamics_method": {
    "params": {},
    "name": "exp"
  },
  "AScurrent_reset_method": {
    "params": {
      "r": [
        1.0,
        1.0
      ]
    },
    "name": "sum"
  },
  "dt_multiplier": 10,
  "th_adapt": null,
  "coeffs": {
    "a": 1,
    "C": 1,
    "b": 1,
    "G": 1,
    "th_inf": 0.917465684832131,
    "asc_amp_array": [
      1.0,
      1.0
    ]
  },
  "type": "GLIF"
}