{
  "El_reference": -0.07069873555501303,
  "C": 7.071048814457064e-11,
  "asc_amp_array": [
    -6.222143910350774e-12,
    1.3522211451192327e-11
  ],
  "init_threshold": 0.025772036333099227,
  "threshold_reset_method": {
    "params": {
      "a_spike": 0.01565683839355716,
      "b_spike": 505.5435091379329
    },
    "name": "three_components"
  },
  "th_inf": 0.025772036333099227,
  "spike_cut_length": 28,
  "init_AScurrents": [
    0.0,
    0.0
  ],
  "init_voltage": 0.0,
  "threshold_dynamics_method": {
    "params": {
      "b_voltage": 164.72101057232257,
      "a_spike": 0.01565683839355716,
      "b_spike": 505.5435091379329,
      "a_voltage": 57.657761435794214
    },
    "name": "three_components_exact"
  },
  "voltage_reset_method": {
    "params": {
      "a": 0.049407045892784364,
      "b": 0.013849776803593665
    },
    "name": "v_before"
  },
  "extrapolation_method_name": "endpoints",
  "dt": 5e-05,
  "voltage_dynamics_method": {
    "params": {},
    "name": "linear_forward_euler"
  },
  "El": 0.0,
  "asc_tau_array": [
    0.3333333333333333,
    0.1
  ],
  "R_input": 85611584.0786535,
  "AScurrent_dynamics_method": {
    "params": {},
    "name": "exp"
  },
  "AScurrent_reset_method": {
    "params": {
      "r": [
        1.0,
        1.0
      ]
    },
    "name": "sum"
  },
  "dt_multiplier": 10,
  "th_adapt": null,
  "coeffs": {
    "a": 1,
    "C": 1,
    "b": 1,
    "G": 1,
    "th_inf": 1.3911062943529533,
    "asc_amp_array": [
      1.0,
      1.0
    ]
  },
  "type": "GLIF"
}