{
  "El_reference": -0.0692199001312256,
  "C": 5.0999339045003244e-11,
  "asc_amp_array": [
    -1.313226982826584e-10,
    -2.1121315822200818e-10
  ],
  "init_threshold": 0.02845483578762638,
  "threshold_reset_method": {
    "params": {
      "a_spike": 0.0004598032618595961,
      "b_spike": 0.9690155037019409
    },
    "name": "three_components"
  },
  "th_inf": 0.02845483578762638,
  "spike_cut_length": 48,
  "init_AScurrents": [
    0.0,
    0.0
  ],
  "init_voltage": 0.0,
  "threshold_dynamics_method": {
    "params": {
      "b_voltage": 0,
      "a_spike": 0.0004598032618595961,
      "b_spike": 0.9690155037019409,
      "a_voltage": 0
    },
    "name": "spike_component"
  },
  "voltage_reset_method": {
    "params": {
      "a": 0.22530977337724714,
      "b": 0.01564055973312681
    },
    "name": "v_before"
  },
  "extrapolation_method_name": "endpoints",
  "dt": 5e-05,
  "voltage_dynamics_method": {
    "params": {},
    "name": "linear_forward_euler"
  },
  "El": 0.0,
  "asc_tau_array": [
    0.03333333333333334,
    0.0033333333333333335
  ],
  "R_input": 182907502.1525623,
  "AScurrent_dynamics_method": {
    "params": {},
    "name": "exp"
  },
  "AScurrent_reset_method": {
    "params": {
      "r": [
        1.0,
        1.0
      ]
    },
    "name": "sum"
  },
  "dt_multiplier": 10,
  "th_adapt": null,
  "coeffs": {
    "a": 1,
    "C": 1,
    "b": 1,
    "G": 1,
    "th_inf": 0.8662133891268408,
    "asc_amp_array": [
      1.0,
      1.0
    ]
  },
  "type": "GLIF"
}