{
  "El_reference": -0.08104214096069334,
  "C": 8.21858225046494e-11,
  "asc_amp_array": [
    -1.980664547183176e-11,
    -1.4834280323379913e-10
  ],
  "init_threshold": 0.038891342658581324,
  "threshold_reset_method": {
    "params": {
      "a_spike": 0.017029702859496718,
      "b_spike": 964.8838077575621
    },
    "name": "three_components"
  },
  "th_inf": 0.038891342658581324,
  "spike_cut_length": 57,
  "init_AScurrents": [
    0.0,
    0.0
  ],
  "init_voltage": 0.0,
  "threshold_dynamics_method": {
    "params": {
      "b_voltage": 0,
      "a_spike": 0.017029702859496718,
      "b_spike": 964.8838077575621,
      "a_voltage": 0
    },
    "name": "spike_component"
  },
  "voltage_reset_method": {
    "params": {
      "a": 0.8219865478456158,
      "b": -0.0003102655235990223
    },
    "name": "v_before"
  },
  "extrapolation_method_name": "endpoints",
  "dt": 5e-05,
  "voltage_dynamics_method": {
    "params": {},
    "name": "linear_forward_euler"
  },
  "El": 0.0,
  "asc_tau_array": [
    0.1,
    0.01
  ],
  "R_input": 390090474.60235363,
  "AScurrent_dynamics_method": {
    "params": {},
    "name": "none"
  },
  "AScurrent_reset_method": {
    "params": {},
    "name": "none"
  },
  "dt_multiplier": 10,
  "th_adapt": null,
  "coeffs": {
    "a": 1,
    "C": 1,
    "b": 1,
    "G": 1,
    "th_inf": 1.099825994938744,
    "asc_amp_array": [
      1.0,
      1.0
    ]
  },
  "type": "GLIF"
}