{
  "V_m": -77.37904739379886,
  "V_th": -48.14350781984888,
  "g": 6.845351799079001,
  "E_L": -77.37904739379886,
  "C_m": 135.9769017529314,
  "t_ref": 4.6,
  "V_reset": -77.37904739379886,
  "asc_init": [
    0.0,
    0.0
  ],
  "asc_decay": [
    0.003,
    0.1
  ],
  "asc_amps": [
    -17.7085755630612,
    -295.9470886265057
  ],
  "spike_dependent_threshold": false,
  "after_spike_currents": true,
  "adapting_threshold": false,
  "tau_syn_fast": [
    1.7381891869869999,
    1.7381891869869999,
    1.7381891869869999,
    1.20142119665,
    1.227917881112,
    1.20142119665,
    1.798432212233,
    1.7381891869869999,
    1.7381891869869999,
    1.7381891869869999
  ],
  "tau_syn_slow": [
    5.98649331542,
    5.98649331542,
    5.98649331542,
    6.335480462174,
    6.1533564489420005,
    4.4110529892770005,
    5.762523463331,
    5.98649331542,
    5.98649331542,
    5.98649331542
  ],
  "amp_slow": [
    0.68353249134834,
    0.68353249134834,
    0.68353249134834,
    0.560133171784439,
    0.291507732628734,
    0.841789251589243,
    0.683674117170858,
    0.68353249134834,
    0.68353249134834,
    0.68353249134834
  ]
}