{
  "V_m": -76.7791519165039,
  "V_th": -54.27839155156967,
  "g": 4.823130285438659,
  "E_L": -76.7791519165039,
  "C_m": 60.854519938747806,
  "t_ref": 1.8000000000000003,
  "V_reset": -76.7791519165039,
  "asc_init": [
    0.0,
    0.0
  ],
  "asc_decay": [
    0.029999999999999992,
    0.1
  ],
  "asc_amps": [
    9.511527392080769,
    -68.4683855020489
  ],
  "spike_dependent_threshold": false,
  "after_spike_currents": true,
  "adapting_threshold": false,
  "tau_syn_fast": [
    0.905162575055,
    0.849097958716,
    1.820899731139,
    2.456332123482,
    0.757973204013,
    0.905162575055,
    0.757973204013,
    0.905162575055,
    1.0616513593080001,
    1.036836466789
  ],
  "tau_syn_slow": [
    2.052687609337,
    2.203105783982,
    3.399399775689,
    3.932194997191,
    1.5561815881699999,
    2.234185848565,
    1.5561815881699999,
    2.234185848565,
    5.035707143345,
    3.547021349313
  ],
  "amp_slow": [
    0.190025012880733,
    0.265927635317202,
    0.570987238876594,
    0.660294458012735,
    1.1255819240562,
    0.228489324606641,
    1.1255819240562,
    0.228489324606641,
    0.163495613053824,
    0.296207412327629
  ]
}