{
  "V_m": -76.78357696533203,
  "V_th": -44.644394377005405,
  "g": 6.188508211816279,
  "E_L": -76.78357696533203,
  "C_m": 95.59742759886338,
  "t_ref": 3.85,
  "V_reset": -76.78357696533203,
  "asc_init": [
    0.0,
    0.0
  ],
  "asc_decay": [
    0.003,
    0.1
  ],
  "asc_amps": [
    -3.7214025714148495,
    -165.56558686299545
  ],
  "spike_dependent_threshold": false,
  "after_spike_currents": true,
  "adapting_threshold": false,
  "tau_syn_fast": [
    1.875141532239,
    1.875141532239,
    1.853046136342,
    1.875141532239,
    1.875141532239,
    1.496270213245,
    1.48592762499,
    1.875141532239,
    1.875141532239,
    1.496270213245
  ],
  "tau_syn_slow": [
    2.4281210182639996,
    2.4281210182639996,
    2.445648708155,
    2.4281210182639996,
    2.4281210182639996,
    5.849322584522,
    4.542617800561,
    2.4281210182639996,
    2.4281210182639996,
    4.4110529892770005
  ],
  "amp_slow": [
    0.527230530777582,
    0.527230530777582,
    0.582091882380482,
    0.527230530777582,
    0.527230530777582,
    0.378048979506841,
    0.418155118619781,
    0.527230530777582,
    0.527230530777582,
    0.841789251589243
  ]
}