{
  "V_m": -70.46393203735354,
  "V_th": -42.695494335490615,
  "g": 4.140307382038808,
  "E_L": -70.46393203735354,
  "C_m": 105.18114121774288,
  "t_ref": 1.75,
  "V_reset": -70.46393203735354,
  "asc_init": [
    0.0,
    0.0
  ],
  "asc_decay": [
    0.1,
    0.3
  ],
  "asc_amps": [
    -180.52233073844116,
    331.74862453398543
  ],
  "spike_dependent_threshold": false,
  "after_spike_currents": true,
  "adapting_threshold": false,
  "tau_syn_fast": [
    1.275797668617,
    1.275797668617,
    1.275797668617,
    1.275797668617,
    1.232227859751,
    2.228045348568,
    1.603123677543,
    1.275797668617,
    1.275797668617,
    1.6485923006699998
  ],
  "tau_syn_slow": [
    3.324504850482,
    2.950205902341,
    2.950205902341,
    2.950205902341,
    2.692085546044,
    3.395965862957,
    3.5604441076980002,
    2.950205902341,
    2.950205902341,
    2.461139328341
  ],
  "amp_slow": [
    0.299216912807198,
    0.336968130611869,
    0.336968130611869,
    0.336968130611869,
    0.358850886455589,
    0.550285313599962,
    0.296983816410055,
    0.336968130611869,
    0.336968130611869,
    1.20851945929501
  ]
}