{
  "V_m": -81.6621068318685,
  "V_th": -43.23290612254943,
  "g": 3.7199012636586657,
  "E_L": -81.6621068318685,
  "C_m": 63.177776433153724,
  "t_ref": 2.9499999999999997,
  "V_reset": -81.6621068318685,
  "asc_init": [
    0.0,
    0.0
  ],
  "asc_decay": [
    0.003,
    0.1
  ],
  "asc_amps": [
    -6.062681596621286,
    -100.80329059076938
  ],
  "spike_dependent_threshold": false,
  "after_spike_currents": true,
  "adapting_threshold": false,
  "tau_syn_fast": [
    1.875141532239,
    1.875141532239,
    1.853046136342,
    1.875141532239,
    1.875141532239,
    1.496270213245,
    1.48592762499,
    1.875141532239,
    1.875141532239,
    1.496270213245
  ],
  "tau_syn_slow": [
    2.4281210182639996,
    2.4281210182639996,
    2.445648708155,
    2.4281210182639996,
    2.4281210182639996,
    5.849322584522,
    4.542617800561,
    2.4281210182639996,
    2.4281210182639996,
    4.4110529892770005
  ],
  "amp_slow": [
    0.527230530777582,
    0.527230530777582,
    0.582091882380482,
    0.527230530777582,
    0.527230530777582,
    0.378048979506841,
    0.418155118619781,
    0.527230530777582,
    0.527230530777582,
    0.841789251589243
  ]
}