{
  "V_m": -70.65403493245444,
  "V_th": -45.00474934486327,
  "g": 9.584753848212161,
  "E_L": -70.65403493245444,
  "C_m": 75.82020888395326,
  "t_ref": 3.4000000000000004,
  "V_reset": -70.65403493245444,
  "asc_init": [
    0.0,
    0.0
  ],
  "asc_decay": [
    0.003,
    0.1
  ],
  "asc_amps": [
    -11.890861030572035,
    -220.61277690009229
  ],
  "spike_dependent_threshold": false,
  "after_spike_currents": true,
  "adapting_threshold": false,
  "tau_syn_fast": [
    1.875141532239,
    1.875141532239,
    1.853046136342,
    1.875141532239,
    1.875141532239,
    1.496270213245,
    1.48592762499,
    1.875141532239,
    1.875141532239,
    1.496270213245
  ],
  "tau_syn_slow": [
    2.4281210182639996,
    2.4281210182639996,
    2.445648708155,
    2.4281210182639996,
    2.4281210182639996,
    5.849322584522,
    4.542617800561,
    2.4281210182639996,
    2.4281210182639996,
    4.4110529892770005
  ],
  "amp_slow": [
    0.527230530777582,
    0.527230530777582,
    0.582091882380482,
    0.527230530777582,
    0.527230530777582,
    0.378048979506841,
    0.418155118619781,
    0.527230530777582,
    0.527230530777582,
    0.841789251589243
  ]
}