{
  "V_m": -69.85461934407554,
  "V_th": -41.20031222647398,
  "g": 10.43888290344808,
  "E_L": -69.85461934407554,
  "C_m": 59.618167171426805,
  "t_ref": 2.5500000000000003,
  "V_reset": -69.85461934407554,
  "asc_init": [
    0.0,
    0.0
  ],
  "asc_decay": [
    0.003,
    0.3
  ],
  "asc_amps": [
    -2.2407540900957152,
    -140.03755304061778
  ],
  "spike_dependent_threshold": false,
  "after_spike_currents": true,
  "adapting_threshold": false,
  "tau_syn_fast": [
    1.275797668617,
    1.275797668617,
    1.275797668617,
    1.275797668617,
    1.232227859751,
    2.228045348568,
    1.603123677543,
    1.275797668617,
    1.275797668617,
    1.6485923006699998
  ],
  "tau_syn_slow": [
    3.324504850482,
    2.950205902341,
    2.950205902341,
    2.950205902341,
    2.692085546044,
    3.395965862957,
    3.5604441076980002,
    2.950205902341,
    2.950205902341,
    2.461139328341
  ],
  "amp_slow": [
    0.299216912807198,
    0.336968130611869,
    0.336968130611869,
    0.336968130611869,
    0.358850886455589,
    0.550285313599962,
    0.296983816410055,
    0.336968130611869,
    0.336968130611869,
    1.20851945929501
  ]
}