{
  "V_m": -69.06732177734375,
  "V_th": -38.25196715199058,
  "g": 4.578557273404952,
  "E_L": -69.06732177734375,
  "C_m": 39.80004316632234,
  "t_ref": 3.7500000000000004,
  "V_reset": -69.06732177734375,
  "asc_init": [
    0.0,
    0.0
  ],
  "asc_decay": [
    0.003,
    0.1
  ],
  "asc_amps": [
    -5.8522680554525,
    -117.29782482249769
  ],
  "spike_dependent_threshold": false,
  "after_spike_currents": true,
  "adapting_threshold": false,
  "tau_syn_fast": [
    1.677748410847,
    1.665913163717,
    1.677748410847,
    1.677748410847,
    1.677748410847,
    1.677748410847,
    1.05980967938,
    1.576747920368,
    2.456332123482,
    1.677748410847
  ],
  "tau_syn_slow": [
    2.738353302078,
    2.738353302078,
    2.738353302078,
    2.738353302078,
    2.738353302078,
    2.738353302078,
    3.547021349313,
    3.9822886559879995,
    3.1692891322729997,
    2.738353302078
  ],
  "amp_slow": [
    0.25572265342405,
    0.198527338091732,
    0.25572265342405,
    0.25572265342405,
    0.25572265342405,
    0.25572265342405,
    0.319710817293358,
    0.455758073866326,
    0.660294458012735,
    0.25572265342405
  ]
}