{
  "V_m": -72.38642628987631,
  "V_th": -38.87658783591035,
  "g": 6.239109904795402,
  "E_L": -72.38642628987631,
  "C_m": 96.0874930343872,
  "t_ref": 3.35,
  "V_reset": -72.38642628987631,
  "asc_init": [
    0.0,
    0.0
  ],
  "asc_decay": [
    0.003,
    0.029999999999999992
  ],
  "asc_amps": [
    -12.232066967795628,
    -80.05238983305857
  ],
  "spike_dependent_threshold": false,
  "after_spike_currents": true,
  "adapting_threshold": false,
  "tau_syn_fast": [
    1.7520153147970001,
    1.50304464727,
    1.7520153147970001,
    1.7520153147970001,
    1.7520153147970001,
    1.7520153147970001,
    1.7520153147970001,
    1.7520153147970001,
    1.50304464727,
    1.50304464727
  ],
  "tau_syn_slow": [
    2.903220573417,
    6.161352063175,
    2.903220573417,
    2.903220573417,
    2.903220573417,
    2.903220573417,
    2.903220573417,
    2.903220573417,
    5.5737070373840005,
    4.4110529892770005
  ],
  "amp_slow": [
    0.358321335490053,
    0.400112434183029,
    0.358321335490053,
    0.358321335490053,
    0.358321335490053,
    0.358321335490053,
    0.358321335490053,
    0.358321335490053,
    0.423690073616672,
    0.841789251589243
  ]
}