{
  "V_m": -80.0902366638184,
  "V_th": -46.987017043706715,
  "g": 7.249924355030898,
  "E_L": -80.0902366638184,
  "C_m": 88.86013721417955,
  "t_ref": 3.6000000000000005,
  "V_reset": -80.0902366638184,
  "asc_init": [
    0.0,
    0.0
  ],
  "asc_decay": [
    0.01,
    0.1
  ],
  "asc_amps": [
    -30.269068150967357,
    -183.22714253956315
  ],
  "spike_dependent_threshold": false,
  "after_spike_currents": true,
  "adapting_threshold": false,
  "tau_syn_fast": [
    1.7520153147970001,
    1.50304464727,
    1.7520153147970001,
    1.7520153147970001,
    1.7520153147970001,
    1.7520153147970001,
    1.7520153147970001,
    1.7520153147970001,
    1.50304464727,
    1.50304464727
  ],
  "tau_syn_slow": [
    2.903220573417,
    6.161352063175,
    2.903220573417,
    2.903220573417,
    2.903220573417,
    2.903220573417,
    2.903220573417,
    2.903220573417,
    5.5737070373840005,
    4.4110529892770005
  ],
  "amp_slow": [
    0.358321335490053,
    0.400112434183029,
    0.358321335490053,
    0.358321335490053,
    0.358321335490053,
    0.358321335490053,
    0.358321335490053,
    0.358321335490053,
    0.423690073616672,
    0.841789251589243
  ]
}