{
  "V_m": -70.63770802815756,
  "V_th": -47.68610088867065,
  "g": 1.765513218024882,
  "E_L": -70.63770802815756,
  "C_m": 91.43259877670043,
  "t_ref": 6.4,
  "V_reset": -70.63770802815756,
  "asc_init": [
    0.0,
    0.0
  ],
  "asc_decay": [
    0.003,
    0.1
  ],
  "asc_amps": [
    -4.033798882835838,
    -155.30574090988716
  ],
  "spike_dependent_threshold": false,
  "after_spike_currents": true,
  "adapting_threshold": false,
  "tau_syn_fast": [
    1.7520153147970001,
    1.50304464727,
    1.7520153147970001,
    1.7520153147970001,
    1.7520153147970001,
    1.7520153147970001,
    1.7520153147970001,
    1.7520153147970001,
    1.50304464727,
    1.50304464727
  ],
  "tau_syn_slow": [
    2.903220573417,
    6.161352063175,
    2.903220573417,
    2.903220573417,
    2.903220573417,
    2.903220573417,
    2.903220573417,
    2.903220573417,
    5.5737070373840005,
    4.4110529892770005
  ],
  "amp_slow": [
    0.358321335490053,
    0.400112434183029,
    0.358321335490053,
    0.358321335490053,
    0.358321335490053,
    0.358321335490053,
    0.358321335490053,
    0.358321335490053,
    0.423690073616672,
    0.841789251589243
  ]
}