{
  "V_m": -81.69507217407228,
  "V_th": -57.63728763824946,
  "g": 9.765362095884122,
  "E_L": -81.69507217407228,
  "C_m": 74.99811976543523,
  "t_ref": 1.5,
  "V_reset": -81.69507217407228,
  "asc_init": [
    0.0,
    0.0
  ],
  "asc_decay": [
    0.1,
    0.3
  ],
  "asc_amps": [
    -46.13016609911214,
    123.96820712640873
  ],
  "spike_dependent_threshold": false,
  "after_spike_currents": true,
  "adapting_threshold": false,
  "tau_syn_fast": [
    0.905162575055,
    0.849097958716,
    1.820899731139,
    2.456332123482,
    0.757973204013,
    0.905162575055,
    0.757973204013,
    0.905162575055,
    1.0616513593080001,
    1.036836466789
  ],
  "tau_syn_slow": [
    2.052687609337,
    2.203105783982,
    3.399399775689,
    3.932194997191,
    1.5561815881699999,
    2.234185848565,
    1.5561815881699999,
    2.234185848565,
    5.035707143345,
    3.547021349313
  ],
  "amp_slow": [
    0.190025012880733,
    0.265927635317202,
    0.570987238876594,
    0.660294458012735,
    1.1255819240562,
    0.228489324606641,
    1.1255819240562,
    0.228489324606641,
    0.163495613053824,
    0.296207412327629
  ]
}