{
  "V_m": -68.49738502502441,
  "V_th": -45.208765855870666,
  "g": 6.736511725630319,
  "E_L": -68.49738502502441,
  "C_m": 150.7093573490288,
  "t_ref": 3.5,
  "V_reset": -68.49738502502441,
  "asc_init": [
    0.0,
    0.0
  ],
  "asc_decay": [
    0.029999999999999992,
    0.1
  ],
  "asc_amps": [
    -95.2656091954446,
    -120.43767039630514
  ],
  "spike_dependent_threshold": false,
  "after_spike_currents": true,
  "adapting_threshold": false,
  "tau_syn_fast": [
    1.944231683066,
    1.8318457822399998,
    1.563571348073,
    1.8318457822399998,
    1.8318457822399998,
    1.8332228743499999,
    1.8332228743499999,
    1.8318457822399998,
    1.8332228743499999,
    1.8318457822399998
  ],
  "tau_syn_slow": [
    2.827443936434,
    2.6171884009529998,
    2.167371136882,
    2.6171884009529998,
    2.6171884009529998,
    7.238139091983,
    4.4110529892770005,
    2.6171884009529998,
    6.161352063175,
    2.6171884009529998
  ],
  "amp_slow": [
    0.792067673268403,
    1.08595608079456,
    1.65105950916743,
    1.08595608079456,
    1.08595608079456,
    0.773026294928808,
    0.841789251589243,
    1.08595608079456,
    0.400112434183029,
    1.08595608079456
  ]
}