{
  "V_m": -76.54969024658203,
  "V_th": -42.895257402131776,
  "g": 6.856726311090581,
  "E_L": -76.54969024658203,
  "C_m": 94.93285022206555,
  "t_ref": 3.85,
  "V_reset": -76.54969024658203,
  "asc_init": [
    0.0,
    0.0
  ],
  "asc_decay": [
    0.01,
    0.1
  ],
  "asc_amps": [
    -27.019519429624772,
    -129.2652102252227
  ],
  "spike_dependent_threshold": false,
  "after_spike_currents": true,
  "adapting_threshold": false,
  "tau_syn_fast": [
    1.7520153147970001,
    1.50304464727,
    1.7520153147970001,
    1.50304464727,
    1.7520153147970001,
    1.7520153147970001,
    1.50304464727,
    1.7520153147970001,
    1.7520153147970001,
    1.7520153147970001
  ],
  "tau_syn_slow": [
    2.903220573417,
    6.161352063175,
    2.903220573417,
    5.5737070373840005,
    2.903220573417,
    2.903220573417,
    4.4110529892770005,
    2.903220573417,
    2.903220573417,
    2.903220573417
  ],
  "amp_slow": [
    0.358321335490053,
    0.400112434183029,
    0.358321335490053,
    0.423690073616672,
    0.358321335490053,
    0.358321335490053,
    0.841789251589243,
    0.358321335490053,
    0.358321335490053,
    0.358321335490053
  ]
}