{
  "V_m": -76.1608715057373,
  "V_th": -44.609011635808876,
  "g": 8.604515904122863,
  "E_L": -76.1608715057373,
  "C_m": 92.60049637204614,
  "t_ref": 2.8,
  "V_reset": -76.1608715057373,
  "asc_init": [
    0.0,
    0.0
  ],
  "asc_decay": [
    0.01,
    0.3
  ],
  "asc_amps": [
    -16.48375954583747,
    147.3992343423475
  ],
  "spike_dependent_threshold": false,
  "after_spike_currents": true,
  "adapting_threshold": false,
  "tau_syn_fast": [
    1.275797668617,
    1.275797668617,
    1.275797668617,
    1.275797668617,
    1.232227859751,
    2.228045348568,
    1.603123677543,
    1.275797668617,
    1.275797668617,
    1.6485923006699998
  ],
  "tau_syn_slow": [
    3.324504850482,
    2.950205902341,
    2.950205902341,
    2.950205902341,
    2.692085546044,
    3.395965862957,
    3.5604441076980002,
    2.950205902341,
    2.950205902341,
    2.461139328341
  ],
  "amp_slow": [
    0.299216912807198,
    0.336968130611869,
    0.336968130611869,
    0.336968130611869,
    0.358850886455589,
    0.550285313599962,
    0.296983816410055,
    0.336968130611869,
    0.336968130611869,
    1.20851945929501
  ]
}