{
  "V_m": -79.84313201904295,
  "V_th": -42.28575778293663,
  "g": 5.751311124943618,
  "E_L": -79.84313201904295,
  "C_m": 110.36656917554295,
  "t_ref": 5.6,
  "V_reset": -79.84313201904295,
  "asc_init": [
    0.0,
    0.0
  ],
  "asc_decay": [
    0.003,
    0.029999999999999992
  ],
  "asc_amps": [
    -14.64612250622033,
    -111.54622358700215
  ],
  "spike_dependent_threshold": false,
  "after_spike_currents": true,
  "adapting_threshold": false,
  "tau_syn_fast": [
    1.7520153147970001,
    1.50304464727,
    1.7520153147970001,
    1.7520153147970001,
    1.7520153147970001,
    1.7520153147970001,
    1.7520153147970001,
    1.7520153147970001,
    1.50304464727,
    1.50304464727
  ],
  "tau_syn_slow": [
    2.903220573417,
    6.161352063175,
    2.903220573417,
    2.903220573417,
    2.903220573417,
    2.903220573417,
    2.903220573417,
    2.903220573417,
    5.5737070373840005,
    4.4110529892770005
  ],
  "amp_slow": [
    0.358321335490053,
    0.400112434183029,
    0.358321335490053,
    0.358321335490053,
    0.358321335490053,
    0.358321335490053,
    0.358321335490053,
    0.358321335490053,
    0.423690073616672,
    0.841789251589243
  ]
}