{
  "V_m": -81.70177078247069,
  "V_th": -46.12126164414598,
  "g": 7.931304982582556,
  "E_L": -81.70177078247069,
  "C_m": 135.69306741872063,
  "t_ref": 5.65,
  "V_reset": -81.70177078247069,
  "asc_init": [
    0.0,
    0.0
  ],
  "asc_decay": [
    0.01,
    0.1
  ],
  "asc_amps": [
    -61.428788431474544,
    -255.32870467069316
  ],
  "spike_dependent_threshold": false,
  "after_spike_currents": true,
  "adapting_threshold": false,
  "tau_syn_fast": [
    1.7520153147970001,
    1.50304464727,
    1.7520153147970001,
    1.7520153147970001,
    1.7520153147970001,
    1.7520153147970001,
    1.7520153147970001,
    1.7520153147970001,
    1.50304464727,
    1.50304464727
  ],
  "tau_syn_slow": [
    2.903220573417,
    6.161352063175,
    2.903220573417,
    2.903220573417,
    2.903220573417,
    2.903220573417,
    2.903220573417,
    2.903220573417,
    5.5737070373840005,
    4.4110529892770005
  ],
  "amp_slow": [
    0.358321335490053,
    0.400112434183029,
    0.358321335490053,
    0.358321335490053,
    0.358321335490053,
    0.358321335490053,
    0.358321335490053,
    0.358321335490053,
    0.423690073616672,
    0.841789251589243
  ]
}