{
  "V_m": -76.96168899536133,
  "V_th": -39.89036294912894,
  "g": 6.770416809045355,
  "E_L": -76.96168899536133,
  "C_m": 117.60754574293476,
  "t_ref": 5.55,
  "V_reset": -76.96168899536133,
  "asc_init": [
    0.0,
    0.0
  ],
  "asc_decay": [
    0.003,
    0.029999999999999992
  ],
  "asc_amps": [
    -16.997479794445063,
    -110.55725965816865
  ],
  "spike_dependent_threshold": false,
  "after_spike_currents": true,
  "adapting_threshold": false,
  "tau_syn_fast": [
    1.7520153147970001,
    1.50304464727,
    1.7520153147970001,
    1.7520153147970001,
    1.7520153147970001,
    1.7520153147970001,
    1.7520153147970001,
    1.7520153147970001,
    1.50304464727,
    1.50304464727
  ],
  "tau_syn_slow": [
    2.903220573417,
    6.161352063175,
    2.903220573417,
    2.903220573417,
    2.903220573417,
    2.903220573417,
    2.903220573417,
    2.903220573417,
    5.5737070373840005,
    4.4110529892770005
  ],
  "amp_slow": [
    0.358321335490053,
    0.400112434183029,
    0.358321335490053,
    0.358321335490053,
    0.358321335490053,
    0.358321335490053,
    0.358321335490053,
    0.358321335490053,
    0.423690073616672,
    0.841789251589243
  ]
}