{
  "V_m": -75.40563201904295,
  "V_th": -42.70356707700492,
  "g": 6.561330048837392,
  "E_L": -75.40563201904295,
  "C_m": 113.09063433118482,
  "t_ref": 5.65,
  "V_reset": -75.40563201904295,
  "asc_init": [
    0.0,
    0.0
  ],
  "asc_decay": [
    0.003,
    0.1
  ],
  "asc_amps": [
    -14.715412725798412,
    -276.1304562614169
  ],
  "spike_dependent_threshold": false,
  "after_spike_currents": true,
  "adapting_threshold": false,
  "tau_syn_fast": [
    1.7520153147970001,
    1.50304464727,
    1.7520153147970001,
    1.50304464727,
    1.7520153147970001,
    1.7520153147970001,
    1.50304464727,
    1.7520153147970001,
    1.7520153147970001,
    1.7520153147970001
  ],
  "tau_syn_slow": [
    2.903220573417,
    6.161352063175,
    2.903220573417,
    5.5737070373840005,
    2.903220573417,
    2.903220573417,
    4.4110529892770005,
    2.903220573417,
    2.903220573417,
    2.903220573417
  ],
  "amp_slow": [
    0.358321335490053,
    0.400112434183029,
    0.358321335490053,
    0.423690073616672,
    0.358321335490053,
    0.358321335490053,
    0.841789251589243,
    0.358321335490053,
    0.358321335490053,
    0.358321335490053
  ]
}