{
  "V_m": -78.50889396667482,
  "V_th": -49.534754387643915,
  "g": 2.0334133270904835,
  "E_L": -78.50889396667482,
  "C_m": 53.13445339319315,
  "t_ref": 3.0500000000000003,
  "V_reset": -78.50889396667482,
  "asc_init": [
    0.0,
    0.0
  ],
  "asc_decay": [
    0.003,
    0.3
  ],
  "asc_amps": [
    -3.111323829656264,
    87.25490213613294
  ],
  "spike_dependent_threshold": false,
  "after_spike_currents": true,
  "adapting_threshold": false,
  "tau_syn_fast": [
    1.677748410847,
    1.665913163717,
    1.677748410847,
    1.677748410847,
    1.677748410847,
    1.677748410847,
    1.05980967938,
    1.576747920368,
    2.456332123482,
    1.677748410847
  ],
  "tau_syn_slow": [
    2.738353302078,
    2.738353302078,
    2.738353302078,
    2.738353302078,
    2.738353302078,
    2.738353302078,
    3.547021349313,
    3.9822886559879995,
    3.1692891322729997,
    2.738353302078
  ],
  "amp_slow": [
    0.25572265342405,
    0.198527338091732,
    0.25572265342405,
    0.25572265342405,
    0.25572265342405,
    0.25572265342405,
    0.319710817293358,
    0.455758073866326,
    0.660294458012735,
    0.25572265342405
  ]
}