{
  "V_m": -74.68712425231935,
  "V_th": -45.1254622462928,
  "g": 4.377273555499972,
  "E_L": -74.68712425231935,
  "C_m": 110.05846765137821,
  "t_ref": 4.6,
  "V_reset": -74.68712425231935,
  "asc_init": [
    0.0,
    0.0
  ],
  "asc_decay": [
    0.003,
    0.1
  ],
  "asc_amps": [
    -7.567327185646113,
    -253.03765914220006
  ],
  "spike_dependent_threshold": false,
  "after_spike_currents": true,
  "adapting_threshold": false,
  "tau_syn_fast": [
    1.875141532239,
    1.875141532239,
    1.853046136342,
    1.875141532239,
    1.875141532239,
    1.496270213245,
    1.48592762499,
    1.875141532239,
    1.875141532239,
    1.496270213245
  ],
  "tau_syn_slow": [
    2.4281210182639996,
    2.4281210182639996,
    2.445648708155,
    2.4281210182639996,
    2.4281210182639996,
    5.849322584522,
    4.542617800561,
    2.4281210182639996,
    2.4281210182639996,
    4.4110529892770005
  ],
  "amp_slow": [
    0.527230530777582,
    0.527230530777582,
    0.582091882380482,
    0.527230530777582,
    0.527230530777582,
    0.378048979506841,
    0.418155118619781,
    0.527230530777582,
    0.527230530777582,
    0.841789251589243
  ]
}