{
  "V_m": -65.84035491943358,
  "V_th": -49.95008524254533,
  "g": 1.8513680844739744,
  "E_L": -65.84035491943358,
  "C_m": 46.45648260489496,
  "t_ref": 4.1000000000000005,
  "V_reset": -65.84035491943358,
  "asc_init": [
    0.0,
    0.0
  ],
  "asc_decay": [
    0.003,
    0.1
  ],
  "asc_amps": [
    -2.968448356481408,
    -48.48830867178709
  ],
  "spike_dependent_threshold": false,
  "after_spike_currents": true,
  "adapting_threshold": false,
  "tau_syn_fast": [
    1.677748410847,
    1.665913163717,
    1.677748410847,
    1.677748410847,
    1.677748410847,
    1.677748410847,
    1.05980967938,
    1.576747920368,
    2.456332123482,
    1.677748410847
  ],
  "tau_syn_slow": [
    2.738353302078,
    2.738353302078,
    2.738353302078,
    2.738353302078,
    2.738353302078,
    2.738353302078,
    3.547021349313,
    3.9822886559879995,
    3.1692891322729997,
    2.738353302078
  ],
  "amp_slow": [
    0.25572265342405,
    0.198527338091732,
    0.25572265342405,
    0.25572265342405,
    0.25572265342405,
    0.25572265342405,
    0.319710817293358,
    0.455758073866326,
    0.660294458012735,
    0.25572265342405
  ]
}