{
  "V_m": -67.24991226196292,
  "V_th": -35.85024395410192,
  "g": 5.291214035293161,
  "E_L": -67.24991226196292,
  "C_m": 55.429989987606724,
  "t_ref": 3.7500000000000004,
  "V_reset": -67.24991226196292,
  "asc_init": [
    0.0,
    0.0
  ],
  "asc_decay": [
    0.003,
    0.1
  ],
  "asc_amps": [
    -7.102087434272803,
    -56.562886149293945
  ],
  "spike_dependent_threshold": false,
  "after_spike_currents": true,
  "adapting_threshold": false,
  "tau_syn_fast": [
    1.677748410847,
    1.665913163717,
    1.677748410847,
    1.677748410847,
    1.677748410847,
    1.677748410847,
    1.05980967938,
    1.576747920368,
    2.456332123482,
    1.677748410847
  ],
  "tau_syn_slow": [
    2.738353302078,
    2.738353302078,
    2.738353302078,
    2.738353302078,
    2.738353302078,
    2.738353302078,
    3.547021349313,
    3.9822886559879995,
    3.1692891322729997,
    2.738353302078
  ],
  "amp_slow": [
    0.25572265342405,
    0.198527338091732,
    0.25572265342405,
    0.25572265342405,
    0.25572265342405,
    0.25572265342405,
    0.319710817293358,
    0.455758073866326,
    0.660294458012735,
    0.25572265342405
  ]
}