{
  "V_m": -73.9191608428955,
  "V_th": -40.9706175190781,
  "g": 8.485330962658063,
  "E_L": -73.9191608428955,
  "C_m": 121.11601115854924,
  "t_ref": 2.65,
  "V_reset": -73.9191608428955,
  "asc_init": [
    0.0,
    0.0
  ],
  "asc_decay": [
    0.003,
    0.029999999999999992
  ],
  "asc_amps": [
    -4.129702477005578,
    -11.120513061562178
  ],
  "spike_dependent_threshold": false,
  "after_spike_currents": true,
  "adapting_threshold": false,
  "tau_syn_fast": [
    1.275797668617,
    1.275797668617,
    1.275797668617,
    1.275797668617,
    1.232227859751,
    2.228045348568,
    1.603123677543,
    1.275797668617,
    1.275797668617,
    1.6485923006699998
  ],
  "tau_syn_slow": [
    3.324504850482,
    2.950205902341,
    2.950205902341,
    2.950205902341,
    2.692085546044,
    3.395965862957,
    3.5604441076980002,
    2.950205902341,
    2.950205902341,
    2.461139328341
  ],
  "amp_slow": [
    0.299216912807198,
    0.336968130611869,
    0.336968130611869,
    0.336968130611869,
    0.358850886455589,
    0.550285313599962,
    0.296983816410055,
    0.336968130611869,
    0.336968130611869,
    1.20851945929501
  ]
}