{
  "V_m": -65.16810607910155,
  "V_th": -37.744127683898164,
  "g": 9.51836256305148,
  "E_L": -65.16810607910155,
  "C_m": 173.80010155707546,
  "t_ref": 9.5,
  "V_reset": -65.16810607910155,
  "asc_init": [
    0.0,
    0.0
  ],
  "asc_decay": [
    0.01,
    0.1
  ],
  "asc_amps": [
    -60.92409956312445,
    -497.31123129818855
  ],
  "spike_dependent_threshold": false,
  "after_spike_currents": true,
  "adapting_threshold": false,
  "tau_syn_fast": [
    1.7520153147970001,
    1.50304464727,
    1.7520153147970001,
    1.50304464727,
    1.7520153147970001,
    1.7520153147970001,
    1.50304464727,
    1.7520153147970001,
    1.7520153147970001,
    1.7520153147970001
  ],
  "tau_syn_slow": [
    2.903220573417,
    6.161352063175,
    2.903220573417,
    5.5737070373840005,
    2.903220573417,
    2.903220573417,
    4.4110529892770005,
    2.903220573417,
    2.903220573417,
    2.903220573417
  ],
  "amp_slow": [
    0.358321335490053,
    0.400112434183029,
    0.358321335490053,
    0.423690073616672,
    0.358321335490053,
    0.358321335490053,
    0.841789251589243,
    0.358321335490053,
    0.358321335490053,
    0.358321335490053
  ]
}